Usable;Table;Short description as found in DB;Owner;Extra explanation as given by expert;Shared;Status;Comments
y;ADETS;Indiv.Customer Account Maint. ;Account Management;3-7-2 + currency + nature / used for GL;y;;
y;AEVTO;Acg.Event Transaction data (Accounting event real time) ;Account Management;real time - interfacing;y;;
y;AHLBO;Det. Acc. Ledger Balance ;Account Management;;;;
y;AHVBO;Detailed Account Value Balance ;Account Management;;;;
y;AMVTO;Detail Accounting Movements ;Account Management;;;;
y;ANTUS;Accounting Nature Code ;Account Management;;;;
y;ARESS;Indiv. Acc. Results History ;Account Management;;;;
y;ARETO;Indiv. Account General Param. ;Account Management;params when intr should be calculated;;;
y;ATAXO;Ind. Acc. Tax Cdt. History ;Account Management;defines arrangments per account;;;
y;ATRDO;Acg.Transaction Data ;Account Management;interfacing;y;;
y;ATXCO;Tax Condition Maintenance ;Account Management;config of tax conditions against product code, condition and currency;;;
y;IINTO;Interest base rates ;Account Management;base rates (per product), calculated from the GMDB base rate(market rate);;;
y;AINTS;Account Interest Cond.Hist. ;Arragement Management;no history. Interest conditions per account;;;
y;DCPOO;SLAVE ACCOUNTS (CASH POOLING) ;Cash Management;;;;
y;DMSTO;MASTER ACCOUNTS (CASH POOLING) ;Cash Management;;;;
y;DSLVO;SLAVE ACCOUNTS (CASH POOLING) ;Cash Management;;;;
y;CSCOO;Security Composition ;Collateral Management;linked to a deal;;;
y;CSECS;Securities Maintenance part 1 ;Collateral Management;;;;
y;GBTDS;Batch Report Dest. Maintenance ;Core;techn. Linc scheduling;;;
y;GBTPS;Batch Report Param. Mainten. ;Core;techn. Linc scheduling;;;
y;GBTRO;Batch Report Run Conditions ;Core;techn. Linc scheduling;;;
y;GCNVO;Conversion Codes Structure ;Core;translation of codes to codes;;;
y;GMONO;security monitoring output ;Core;logging of events used for reporting, only used in IFS - sec monitoring;;;
y;GMSGS;ERROR TABLE ;Core;codes to text for operational user;;;
y;GPARO;Parameter Settings ;Core;eg. Certain clearing limits, sec classes, XFB destinations, routing for payments, trusted list of banks where we can auto exec MT101 msgs. Params can be changed by operational ppl;;;
y;GRTPO;Real Time Program Definition ;Core;techn list of real time progr definitions;y;;
y;GSBRO;Special Batch Run Conditions ;Core;batch scheduling conditions;;;
y;GSEMO;Parameter Settings ;Core;sec monitoring param settings;;;
y;GXMLO;xml storage ;Core;mapping from XML to tables (payments,GRID interface,..);y;;
y;LPRCO;Pers.mmeber/RCE comb.structure ;Core;part of sec model;;;
y;PRSNL;PERSONNEL INFORMATION ;Core;sec model of the app;;;
y;DBILO;Billing events for SEPA ;Customer Billing;interface to billing;y;;
y;DCTRO;CONDITIONS TRAILER RECORD ;Customer Billing;billing entry;;;
y;AADVO;Advices ;Customer Reporting;Mededelingen;;;
y;AISTO;Indiv.Account Interest Statem. ;Customer Reporting;;;;
y;ASPAS;Individual Acc.Statem.Param. ;Customer Reporting;holds where statements are to be sent (SWIFT,physical);;;
y;ATMPO;Advices Temporary ;Customer Reporting;interfacing;y;;
y;GPRTO;IFSPRINT TEXTS AND COMMANDS ;Customer Reporting;;;;
y;ABCLO;Global FX Limits per Currency ;Financial Markets;max positie branch for local risk reportin;;;
y;BASWO;Bond deal related asset swaps ;Financial Markets;;;;
y;BBOKS;BOND Position Book ;Financial Markets;;;;
y;BDLAO;Bond Accounting Status File ;Financial Markets;;;;
y;BDLPO;Payment Status File ;Financial Markets;;;;
y;BDLTO;Trailer Bond Deals ;Financial Markets;;;;
y;BICTO;Bond Coupons ;Financial Markets;;;;
y;BISPO;Bond Market Prices ;Financial Markets;;;;
y;BITTO;Bond Trading-deal Trailers ;Financial Markets;;;;
y;BPOTO;Bond Segments per Pos.Book ;Financial Markets;;;;
y;BPRDO;Positions Product Code File ;Financial Markets;;;;
y;BREDO;Redemption Dates & Conditions ;Financial Markets;;;;
y;BREPO;Bond Collateral/Cash-records ;Financial Markets;;;;
y;CEXRO;MT EXCHANGE RATE FILE ;Financial Markets;SPOT rates. Updated from rates in AEXRS - used in payments&CM;y;;
y;IBDDO;Brokerage Volume Discount -det ;Financial Markets;;;;
y;IBDHO;Brokerage Volume Discount-Head ;Financial Markets;;;;
y;ICBRO;Conv. Broker id-IFS broker id ;Financial Markets;match table between internal broker-ids and external broker-ids found on confirmations;;;
y;ICVBS;Maint.conv.broker ctp-IFS ctp ;Financial Markets;matches brokercode with counterparty id and address;;;
y;IERBS;Exch Rates Brokerage Commiss. ;Financial Markets;;;;
y;IFASO;FRA Acctg Status file ;Financial Markets;;;;
y;IFCPO;Fin. Futures Closing Prices ;Financial Markets;;;;
y;IFFAO;Fin. Futures Accounting status ;Financial Markets;;;;
y;IFFCO;Financial Futures Contracts ;Financial Markets;details of IRF(interest rate futures) contracts;;;
y;IFFDO;Financial Futures Deals ;Financial Markets;;;;
y;IFFOO;Financial Futures Offset contr ;Financial Markets;;;;
y;IFFPO;Fin. Futures Payment status ;Financial Markets;;;;
y;IFFTO;Financial Futures Tenor Dates ;Financial Markets;;;;
y;IFFVO;Fin. Futures Variation Margin ;Financial Markets;;;;
y;IFPSO;IRF Purchase and sale ;Financial markets;;;;
y;IFRAO;FRA'S INVENTORY ;Financial markets;;;;
y;IFRCL;FRA Confirm status log file ;Financial markets;;;;
y;IFRCO;FRA Confirmations Status File ;Financial markets;;;;
y;IFRPL;FRA Payment status log file ;Financial markets;;;;
y;IFRPO;FRA payment status file ;Financial markets;;;;
y;IFTCO;IRF contract tarrifs ;Financial markets;;;;
y;IFTSO;IRF con. tarifs - Tenor spread ;Financial markets;;;;
y;IFXAO;FX Accounting Status File ;Financial markets;;;;
y;IFXCO;Foreign exchange contracts ;Financial markets;;;;
y;IFXPO;FX payment status file ;Financial Markets;;;;
y;IGIRO;General IRS contracts ;Financial markets;;;;
y;IGLDO;General loan/deposit contracts ;Financial Markets;sometimes used for comm loans;y;;
y;ILDAO;LOANS/DEPOSIT ACC. STAT. FILE ;Financial Markets;;;;
y;ILDPO;LD payment status file ;Financial Markets;;;;
y;ILNGS;Maintain longtext ;Financial Markets;SWIFT/BIC longtext for brokers/counterparty;;;
y;ILPAO;Liquidation parameter ;Financial Markets;account numbers which can be used for payment or receipt of funds;;;
y;IMAGO;Master Agreement per customer ;Financial Markets;not really used/relevant;;;
y;INETO;Payment netting ;Financial Markets;;;;
y;INOSO;Nostro file ;Financial Markets;lists all nostro account for an ING branch and their ordering;;;
y;INVMO;Nostro Value Movements ;Financial Markets;;;;
y;IOASO;Ccy Opt Acctg Status file ;Financial Markets;;;;
y;IODUS;Maintain overdue date ;Financial Markets;param settings;;;
y;IOPCO;Ccy Opt Conf Status file ;Financial Markets;;;;
y;IOPPO;Ccy Opt Payment Status file ;Financial Markets;;;;
y;IOPTS;Currency Options Contracts ;Financial Markets;;;;
y;IPIBO;Informations of ICNFO ;Financial Markets;;;;
y;IPIIO;Payment instructions ;Financial Markets;;;;
y;IPMTO;Payment decision table ;Financial Markets;auto filled over night based on IPWDO. List of payments and their due date.;;;
y;IPTIO;Payment instructions ;Financial Markets;;;;
y;IPWDO;Payment working days ;Financial Markets;contains the number of working days before due date for each product or payment type (eg. Payments in USD);;;
y;IRCVO;Reuters conversations ;Financial markets;;;;
y;IRFRO;REFERENCE RATES OUTPUT ;Financial Markets;list of rates and their source;;;
y;IRSAO;IRS accounting status file ;Financial Markets;;;;
y;IRSCO;IRS confirmation status file ;Financial Markets;;;;
y;IRSPO;IRS payment status file ;Financial Markets;;;;
y;ISIFO;Stndard instructions Free txt ;Financial Markets;Standing Instructions free text;;;
y;ISPIO;Standard Payment Instructions ;Financial Markets;;;;
y;ITECO;TECTEL INFO ;Financial Markets;;;;
y;ITIRO;Trailer IRS contracts ;Financial Markets;;;;
y;IWARO;Warning date decision table ;Financial Markets;auto filled based on IWODO. ;;;
y;IWODL;Warning working dayd log file ;Financial Markets;;;;
y;IWODO;Warning working days ;Financial Markets;;;;
y;IWSSO;WSS deal number ;Financial Markets;;;;
y;LBRCS;Brokerage Commissions ;Financial Markets;;;;
y;DCBRO;CBD trans reporting for SEPA ;Financial Reporting;interface to Central Bank reporting;y;;
y;ABA1S;INTERNAL BASE ACCOUNT ;General Ledger;accounts used for customers and general ledger accounts;;;
y;ABKTS;AUTOMATIC BOOKING TABLE ;General ledger;definitions/rules for booking;;;
y;ABUDS;Bufget per Ledger Rubric ;General ledger;;n;;
y;ADLGS;Maint Det.Acc.per Ledger Rubr. ;General ledger;;;;
y;ADSNS;P/L Distribution Key Dict. ;General ledger;;;;
y;AFOLO;Folders Directory ;General Ledger;to correct bookings manually;y;;
y;AGEXS;General Expence Rubric Input ;General ledger;;;;
y;AJSTO;Justif. Accounts/inventory ;General Ledger;justification between acc & entries - reporting;;;
y;ALGRS;Ledger Definition ;General ledger;labels;;;
y;AMDCO;Multiple D/C Folders ;General Ledger;also used in other modules(products);y;;
y;ANEUO;NEUTRALISED ACCOUNTS ;General Ledger;;;;
y;ARBRO;Ledger Rubric Table ;general ledger;;;;
y;ARCDO;RCE's per P/L Distrib. Key ;general ledger;Responsibility center;;;
y;AROTO; ;General Ledger;P&L roots;;;
y;ASTDO;Statistic Decission Table ;General Ledger;booking rules engine;;;
y;ATRCS;ACCOUNTING TRANS. CONTENTS ;General Ledger;;;;
y;ATRTS;ACCOUNTING EVENT TYPES FILE ;General ledger;Used by automatic booking table. Holds product/event/currency type combination;;;
y;LPRFS;Profit Centers ;General Ledger;;;;
y;LRCEO;Respons. Centre Structures ;General Ledger;reporting ;;;
y;LRCES;RESPONSIBILITY CENTER ;General Ledger;;;;
y;LSUPS;Suppliers Maintenance ;General Ledger;only GEX;;;
y;XFXAS;fixed assets maintenance ;General Ledger;;;;
y;XFXCO;fixed assets categories ;General Ledger;linked on XFXCO;;;
y;XFXTO;Fixed Assets Trailer ;General Ledger;;;;
y;XGBAO;GEX Balances/Supplier,PMM ;General Ledger;GEX balance of suplliers or personnell;;;
y;XGBUO;General Expenses Budgets ;General Ledger;;;;
y;XGDCS;General Exp. Document Input ;General Ledger;;;;
y;XGMVO;GEX Movements ;General Ledger;;;;
y;XGPAO;Gen. Exp. Payments structure ;General Ledger;;;;
y;XGPMO;Personnel Member Distribution ;General Ledger;;;;
y;XHVBO;GEX Suppl/PMM Val.Bal.History ;General Ledger;;;;
y;DBATO;BATCH PARAMETERS ;Instruction&Order Management;;;;
y;DDDCO;Direct debit contracts ;Instruction&Order Management;;;;
y;DEBFO;ELECTRONIC BANKING FILES ;Instruction&Order Management;kind of interfacing;y;;
y;DRSDO;Rejected Swift Messages Detail ;Instruction&Order Management;all swift msgs that are not treated (manually checked). Not always customer specific. - SWIFT msg engine support;;;
y;DRSMO;REJECTED SWIFT MESSAGE ;Instruction&Order Management;all swift msgs that are not treated. Not always customer specific. - SWIFT msg engine support;;;
y;CC3PO;Commission 3RD Parties ;Lending;commissions and payment account;;;
y;CCBRO;Risk At Close of Business ;Lending;Credit Risk Management - interface VORTEX;y;;
y;CCFPO;Cash flow position Comm.loans ;Lending;;;;
y;CCGRS;COMMISSION GROUPS DICTIONARY ;Lending;config table;;;
y;CCMHO;Commercial loans Header record ;Lending;;;;
y;CCOCO;Commission Due Dates ;Lending;not really used/relevant;;;
y;CCOMS;Commissions non-automated ;Lending;commision details related to a Cpt;;;
y;CCORO;Commission Revision Schedule ;Lending;;;;
y;CCREO;Commission Results Structure ;Lending;;;;
y;CEXSO;Excess/Out of order ;Lending;reporting of outstanding contracts to branches;;;
y;CFACO;FUS' FACILITIES STRUCTURE ;Lending;;;;
y;CFACS;Facilities ;Lending;;;;
y;CFDDO;Fee Due Dates per Fee Type ;Lending;;;;
y;CFFEO;Facility per Comm.Type ;Lending;;;;
y;CFRSO;Facility Reduction Schedule ;Lending;;;;
y;CFUSO;FOLLOW UP SYSTEM ;Lending;;;;
y;CFXRO;Fac.comm. Multidrawing Ccy ;Lending;;;;
y;CGATO;Guarantees Given Booking ;Lending;;;;
y;CGUAS;GUARANTEES EMITTED ;Lending;;;;
y;CGUCO;Guarantee commission due dates ;Lending;;;;
y;CGURO;Guarantee Reduction Schedule ;Lending;;;;
y;CMRGO;Customer Margin ;Lending;Cust margin added to spot rate per account;;;
y;CMTBO;UNDERLYING CONTACTS MT ;Lending;;;;
y;CMTLO;Trailer commercial loans ;Lending;funding and reinbursement table;;;
y;COMSO;Status file Commercial Loans ;Lending;;;;
y;CPTIO;Commercial loans paym.instr. ;Lending;;;;
y;CREPO;Warranties & Representations ;Lending;not really used/relevant;;;
y;CREXO;RIS Exception Table ;lending;Risk Department (RIS);;;
y;CRISO;Risk View ;Lending;;;;
y;CROCO;RAROC INFORMATION ;lending;;;;
y;CRTRO;Real Time Risk Structure ;lending;risk reporting (VORTEX);;;
y;CSIMS;Simplified inv. Commercial ;Lending;loans&guaranties;;;
y;CSLFO; ;Lending;;;;
y;ISIMO;Simplified Inventory Structure ;Lending;letters of credit,..;;;
y;LBROS;Broker File Maintenance ;Party Management;Broker details;;;
y;LCBNS;Counterparty Basenumber File ;Party Management;3-7-2 account is defined here;;;
y;LCORO;BCOR SWIFT-Addresses ;Party Management;contains BICs;;;
y;LCPSS;Counterparty Structure Descrip ;Party Management;;;;
y;LCTIO;CTP/BBL Base Account Main. ;Party Management;interim of LCTPS;;;
y;LCTPS;Counterparty File Maintenance ;Party Management;base account details of ING clients;;;
y;LCTSO;Counterparty Structures ;Party Management;;;;
y;LELCS;Electronical Address File ;Party Management;;;;
y;LELIO;Electronic Address Maintenance ;Party Management;(4 eyes)/interim;;;
y;LPHIO;Electronic Address Maintenance ;Party Management;interim LPHYS;;;
y;LPHYS;Physical Address File Mainten. ;Party Management;physical addresses;;;
y;LPSNS;Person File Maintenance ;Party Management;person or company;;;
y;DCBDO;Batch information ;Payment Execution Engine;clearing batch of payments;;;
y;DCBMO;Eurochannel reference table ;Payment Execution Engine;link between 3-7-2 account and foreign account numbers;;;
y;DCLHO;COMMERCIAL COLLECTION HEADER ;Payment Execution Engine;Direct debit for Italy;;;
y;DCLTO;COMMERCIAL COLLECTION TRAILER ;Payment Execution Engine;Direct Debit for Italy;;;
y;DCNDO;Default Conditions Table ;Payment Execution Engine;cutoff times, cost, values dates,?;;;
y;DCNTO;Condition types table ;Payment Execution Engine;calculation rules for conditions;;;
y;DCONO;Condition Codes ;Payment Execution Engine;condition definitions elements;;;
y;DCOVO;MT202 Covers - Customer Data ;Payment Execution Engine;;;;
y;DDETO;Details of payments ;Payment Execution Engine;;;;
y;DFIDO;Clearing Files Detail Record ;Payment Execution Engine;FI clearing representation;;;
y;DFIMO;Clearing Files Header Record ;Payment Execution Engine;FI clearing representation;;;
y;DFRTO;Free Text ;Payment Execution Engine;;;;
y;DFSCI;FI Settlements Contracts Int ;Payment Execution Engine;standing order for FI;;;
y;DFSCO;FI Settlements Contracts Inv ;Payment Execution Engine;;;;
y;DFSII;FI Auto Sett Instructions ;Payment Execution Engine;settlement instruction;;;
y;DFSIO;FI Auto Sett Instruction INV ;Payment Execution Engine;;;;
y;DGCAO;code group booking ;Payment Execution Engine;omgekeerde MECT (multiple european credit transfer);;;
y;DIPTO;Interim XBR Payment Trs file ;Payment Execution Engine;;;;
y;DPBDO;Payment Batch directory ;Payment Execution Engine;;;;
y;DPFBK;Payment Feedback ;Payment Execution Engine;FI  clearing feedback, only used for spain;;;
y;DPTRL;Pmt Trs log file ;Payment Execution Engine;Payment transaction history file;;;
y;DPTRO;INVENTORY OF XBR TRANSACTIONS ;Payment Execution Engine;trs going to be booked;;;
y;DRDIO;Recall Instruction ;Payment Execution Engine;instruction to recall payment in DE;;;
y;DSTAO;PAYMENT STATUS LOGGING ;Payment Execution Engine;;;;
y;DSTIO;Standinf Orders - Interim File ;Payment Execution Engine;;;;
y;DSTOO;STANDING ORDERS FILE ;Payment Execution Engine;inventory file;;;
y;DSTSO;Payment - Statistical Data ;Payment Execution Engine;;;;
y;IAUTO;Autorisation decision table ;Payment Execution Engine;decisionrules for STP traffic, mostly used for payments but also for MM, Lending,?;y;;
y;LTARO;Target 2 Directory Table ;Payment Execution Engine;;;;
y;RCHDS;Clear. Chq. Batch Dir. Maint. ;Payment Execution Engine;;;;
y;RCHQS;Cleared Cheque Maintenance ;Payment Execution Engine;;;;
y;RCHRO;CHEQUE REQUESTS ;Payment Execution Engine;order cheques;;;
y;APPNO;Product per Nature Code ;Product Management;;;;
y;LPRDS;Oper.Product Codes Dictionary ;Product Management;;;;
y;GSBSO;Special Batch Scheduling ;Reconciliation Engine;list of scheduled batches;;;
y;IACCO;Account identification stmt ;Reconciliation Engine;nostrorec;;;
y;ICNDO;Confirmation decision table ;Reconciliation Engine;decision table for determining  which transaction confirmations are to be generated;;;
y;ICNFO;Our and their confirmation ;Reconciliation Engine;code to text;;;
y;ICNFS;Mtn confirmation texts ;Reconciliation Engine;list of codes & labels + meaning, used by different modules;y;;
y;ICOPO;COMP payment status file ;Reconciliation Engine;manually adjust confirmation status between ING and other party;;;
y;IFCSO;FX CONF. STATUS FILE ;Reconciliation Engine;;;;
y;IFUPS;Follow-up parameters statement ;Reconciliation Engine;parameters for matching decisions between account holder and nostro statements;;;
y;ILDCL;L/D CONF STATUS LOG FILE ;Reconciliation Engine;;;;
y;ILDCO;LD confirmation status file ;Reconciliation Engine;;;;
y;ISTLO;Statement line ;Reconciliation Engine;;;;
y;ISTMO;Statement ;Reconciliation Engine;statements that did not come from SWIFT (IRM);;;
y;ITCFO;INDICATION TABLE CLOSE FIT ;Reconciliation Engine;recon. When trx can not be matched automatically and need to be reviewed by user;;;
y;ITOLO;TOLERANCES OUTPUT ;Reconciliation Engine;digit tolerance per currency and Ctp for matching purpose;;;
y;AEXRS;Acc. Exch. Rates - Occas.Input ;Reference data;;y;;
y;ASTMO;Statement History ;Reference Data;;;;
y;ATDCS;Bkg.Entries Free Text Maint. ;Reference Data;;;;
y;ISWCO;Swift conversion output ;Reference Data;Match swift addr from IFS with swift addr from counterparties;;;
y;LBGRS;Branch Group Description ;Reference Data;;;;
y;LBRAS;Branch master file ;Reference Data;defines the branch  per site;;;
y;LCCCS;Currency / Country LCCCS ;Reference data;;;;
y;LCCYS;Currency File Maintenance ;Reference data;map ccy to codes;;;
y;LCGRS;Country Group Maintenance ;Reference data;groups eg. EEC;;;
y;LCIYS;City File ;Reference data;links to customer;y;;
y;LCLIS;Country Limit Maintenance ;Reference Data;;;;
y;LCRYS;Country File Maintenance ;Reference Data;;;;
y;LCSTS;Country / Country Group LCSTS ;Reference Data;;;;
y;LGRDO;GRID table ;Reference Data;GRID=risk info data - Risk Referencial;;;
y;LGXFO;Grid Xreference ;Reference Data;subtable LGRDO;;;
y;LHOLO;Holiday File ;Reference Data;bank,target,..;;;
y;LRESS;Oper. Result Codes Dictionary ;Reference Data;;;;
y;REFFL;REFERENCE FILE STRUCTURE ;Reference Data;old GPARO;;;
y;GSADO;SAGE msg detail records ;Reference data;swift msgs details from GSAMO - SWIFT msg engine support;y;;
y;GSAMO;SAGE msg header records ;Reference data;swift msgs containing ACK/NACK msgs - incoming,outcoming - SWIFT msg engine support;y;;
y;GSWMO;Swift Message Status ;Reference data;used by all - SWIFT msg engine support;y;;
y;IBATO;Batch directory PMT/CNF/ACC ;;list of executed payment/confirmation batches;y;;
n;ADEIO;Indiv.Cust. Account Maint. Int ;Account Management;;;;
n;BDLGO;Bond Deals Inventory ;Financial Markets;;;;
n;BISSO;Bond Issuances Inventory ;Financial Markets;;;;
n;BRPIO;Interim REPO collateral file ;Financial Markets;;;;
n;BSPIO;STANDARD PAYMENT INSTR. BONDS ;Financial Markets;;;;
n;CC3PL;Commission 3rd Party ;Financial Markets;commissions and payment account;;;
n;CCRXO;RXM CUSTOMER LINK ;Financial Markets;risk mgmt for customers dealing with more than one dealing room;;;
n;CCUSO;Share Trading : Custodian Def. ;Financial Markets;custodians and their safekeeping&transaction fee;;;
n;CMTCO;Margin Trading deals ;Financial Markets;;;;
n;CMTCS;MARGIN TRADING CUSTOMER ;Financial Markets;;;;
n;CPBCO;Private Banking Customer Def. ;Financial Markets;;;;
n;CPBPO;Private Banking Portfolio ;Financial Markets;;;;
n;CRXMO;RXM CONTRACTS ;Financial Markets;;;;
n;CSHAO;Customer Share Inventory ;Financial Markets;;;;
n;CSHCO;Share Charges Definition ;Financial Markets;;;;
n;CSHDS;Share Dealtype Definition ;Financial Markets;;;;
n;CSHOO;SHARE TRADIN OPTIONS STRUCTURE ;Financial Markets;;;;
n;CSHRO;Replace Share deals ;Financial Markets;;;;
n;CSHTO;Share Type Inventory ;Financial Markets;;;;
n;CSHVO;SHARE TRADING DIVIDENDS ;Financial Markets;;;;
n;CSSHO;Security Share Portfolio ;Financial Markets;;;;
n;IFXCL;FX CONTRACT LOG FILE ;Financial markets;;;;
n;IICSO;interim conf. status file ;Financial Markets;;;;
n;IIFFO;Interim file Financial Futures ;Financial Markets;interest rate futures;;;
n;IIFRO;Intermi file FRA ;Financial Markets;FRA contract details;;;
n;IIFXO;Interim file Foreign exchange ;Financial Markets;;;;
n;IIOPO;Interim file for Options ;Financial Markets;;;;
n;IIPIO;Interim file payment instr. ;Financial Markets;;;;
n;IIRSO;Interim file IRS contracts ;Financial Markets;;;;
n;IRSPL;IRS payment status log file ;Financial Markets;;;;
n;IDPLO;DAILY P / L ;general ledger;;;;
n;CEXPS;Commercial Explication Invent. ;Lending;loans&guaranties;;;
n;CFATO;Facil. booking entries ;Lending;not really used/relevant;;;
n;CFCRO;Facility Comm. Date/Amount ;Lending;;;;
n;CGURL;Guarantee reduction sched. LOG ;Lending;;;;
n;CHFCO;History of Fee Calcul. Basis ;Lending;;;;
n;CREPL;Warranties & Representations ;Lending;;;;
n;CROCL;RAROC INFORMATION ;lending;;;;
n;ITLDO;Trailer loan/deposits contract ;lending;;;;
n;ITITO;Titrisation ;Lending | Financial Markets;Transforming loans into securities (effecten);;;
n;LEBAO;EBA Clearers ;Party Management;;;;
n;DFSIL;FI Auto Sett Instructions ;Payment Execution Engine;;;;
n;DGCAL;code group booking ;Payment Execution Engine;;;;
n;DRPTO;Reporting structure XBR ;Payment Execution Engine;latest record date from april 2003, not used anymore;;;
n;LBIRO;BIREL Directory ;Payment Execution Engine;data to transfer swift msg to BIREL (Italian clearing);;;
n;AAFRL;Advice Frame Logging;;;;;
n;AAFRL;Advice Frame Logging;;;;;
n;AAFRO;Advice Frame Dictionary ;;;;;
n;AAFRO;Advice Frame Dictionary ;;;;;
n;AAISO;ABKTS Parameters for AIS ;;;;;
n;AAISO;ABKTS Parameters for AIS ;;;;;
n;AASPL;Logging structure for AASPS ;;;;;
n;AASPL;Logging structure for AASPS ;;;;;
n;AASPS;Accounting System Parameter ;;;;;
n;AASPS;Accounting System Parameter ;;;;;
n;ABA1L;LOG File for Int. Base Account ;;;;;
n;ABA1L;LOG File for Int. Base Account ;;;;;
n;ABASL;Logging ABASS ;;;;;
n;ABASS;Basic Allocation Table ;;;;;
n;ABCLL;Global FX Limits per Ccy - Log ;;;;;
n;ABKTL;AUTOMATIC BOOKING TABLE LOG. ;;;;;
n;ABUDL;Logging ABUDL ;;;;;
n;ACLOG;ACCESS LOG FILE ;;;;;
n;ACVRO;Maintain EURO Conversion Rates ;;;;;
n;ADETL;Logging ADETS ;;;;;
n;ADLGL;Logging ADLGS ;;;;;
n;ADSNL;Logging ADSNS ;;;;;
n;AEXRL;Logging AEXRS ;;;;;
n;AGEXL;Logging AGEXS ;;;;;
n;AIBRL;Logging Interbranch Table ;;;;;
n;AIBRO;INTERBRANCH TABLE ;;;;;
n;AINIO;Account Interest Cond.Interim ;;;;;
n;AINTL;Logging AINTS ;;;;;
n;AJSTL;Logging AJSTO ;;;;;
n;ALGRL;Logging ALGRS ;;;;;
n;ANEUL;LOGGING ANEUO ;;;;;
n;ANTUL;Logging ANTUS ;;;;;
n;APPNL;Logging APPNO ;;;;;
n;ARBRL;Logging ARBRO ;;;;;
n;ARCDL;Logging ARCDO ;;;;;
n;AREIO;Acc. Inter. Sett. Maint. Inte. ;;;;;
n;ARESL;Logging File for ARESS ;;;;;
n;ARETL;Logging ARETO ;;;;;
n;AROTL;Logging AROTO ;;;;;
n;ARPPO;Cpty Root Number per Product ;;;;;
n;ASELL;Logging File ASELO ;;;;;
n;ASELO; ;;;;;
n;ASPAL;Logging ASPAS ;;;;;
n;ASPIO;Indiv. Acc.Statem.Param. Int. ;;;;;
n;ASTMS;Statement Narrative Input ;;;;;
n;ATADL;Logging File for ATADO ;;;;;
n;ATADO;Standard Tax Cdt. Directory ;;;;;
n;ATAHL;Logging File for ATAHS ;;;;;
n;ATAHS;Standard Tax Conditions ;;;;;
n;ATAXL;Logging File for ATAXO ;;;;;
n;ATDCL;Logging ATDCS ;;;;;
n;ATRCL;ACC. TRAN. CONTENT LOGGING ;;;;;
n;ATRTL;ACCOUNT EVENT TYPE LOGGING ;;;;;
n;ATXCL;Logging ATXCO records ;;;;;
n;BATCH;Batch file ;;;;;
n;BDLGL;MIRROR OF BDLGO ;;;;;
n;CBFMO;BRUSSEL'S FORTUNE MANAGEMENT ;;private banking products per account;;;
n;CCDIL;Log CCDIS Comm.Dictionary ;;;;;
n;CCDIS;Commission Dictionary Inv. ;;;;;
n;CCGRL;COMMISSION GROUP DICTION. LOG. ;;;;;
n;CCMHL;Comm.loans Header record Log ;;;;;
n;CCOCL;Logging CCOCO Commis.Due Dates ;;;;;
n;CCOML;Logging CCOMS commissions ;;;;;
n;CCORL;Log CCORO Comm.Revision Sched. ;;;;;
n;CDFAO;dummy CFACS ;;;;;
n;CDIAL;Diary part of representation ;;;;;
n;CDIAO;Diary part of representation ;;;;;
n;CFACL;Logging CFACS ;;;;;
n;CFAIO;Facility Interim Table ;;;;;
n;CFDDL;Logging CFDDL ;;;;;
n;CFRSL;Facility Reduc.Sched. Logging ;;;;;
n;CFUPO;FUS DEFAULT PARAMETERS ;;;;;
n;CGUAL;Logging CGUAS ;;;;;
n;CGUCL;Guarantee comm. due dates LOG ;;;;;
n;CMHIO;Commercial loan Header Interim ;;;;;
n;CMRGL;Customer Margin LOG ;;;;;
n;CMTBL;LOGFILE CMTBO ;;;;;
n;CMTIO;Trailer commer. loan Interim ;;;;;
n;CMTLL;Comm.loan Trailer record Log ;;;;;
n;CPBGO;GROUP PB CUSTOMERS ;;for reporting purpose;;;
n;CPTIL;Comm.loan payment instr. Log ;;;;;
n;CSCOL;Security Composition Logging ;;;;;
n;CSECL;Securities Logging ;;;;;
n;CSEIO;Securities Interim Table ;;;;;
n;CSHAL;Customer Share Inventory Log ;;;;;
n;CSHML;Logging Structure CSHMO ;;;;;
n;CSHMO;Share Deals Matching Structure ;;;;;
n;CSHTL;Share Type Inventory Logging ;;;;;
n;CSSHL;Security Share Portfolio Log ;;;;;
n;DCNDL;Logging Conditions ;;;;;
n;DCNIO;Def. Conditions Table Interim ;;;;;
n;DCNTL;Condition Types log file ;;;;;
n;DCTIO;Condition types table interim ;;;;;
n;DDDCL;Direct debit contracts log ;;;;;
n;DEFIN;DEFINE SCR., DIC., ETC. ;;techn. Screenid+name;;;
n;DFSCL;FI Settlements Contracts Log ;;;;;
n;DIPTL;Pmt Trs Int Log file ;;;;;
n;DRDIL;Recall Instruction Logging ;;;;;
n;DSTOL;STANDING ORDERS FILE ;;;;;
n;GPAIO;Parameter Settings Interim ;;;;;
n;GPARL;Parameter Settings Logging ;;;;;
n;GSEML;Parameter Settings Logging ;;;;;
n;IAUTL;Logging IAUTO ;;;;;
n;IBBDO;BTS BATCH DIRECTORY FILE ;;no longer used;;;
n;ICNDL;Logging ICNDO ;;;;;
n;ICNFL;Logging ICNFS ;;;;;
n;ICOPL;COMP payment status log file ;;;;;
n;IERMO;Error message file load Boston ;;;;;
n;IFCSL;FX LOGGING FILE ;;;;;
n;IFFCL;Log IRF Contract ;;;;;
n;IFFDL;Financial Futures Deals Log ;;;;;
n;IFRAL;Log File FRA'S ;;;;;
n;IFXPL;forex payment status log file ;;;;;
n;IHMCL;Logging IHMCS ;;;;;
n;IHMCS;Maintain header mail confirm. ;;mail headers;;;
n;IILDO;Interim file loan/deposits ;;;;;
n;IINIO;Interest base rates intrerim ;;;;;
n;IINTL;Logging IINTO ;;;;;
n;ILDPL;l/d Payment status log file ;;;;;
n;ILDTL;Loan/deposits transactions Log ;;;;;
n;ILNGL;Logging ILNGS ;;;;;
n;ILPAL;Liquidation parameter log file ;;;;;
n;INETL;Payment netting ;;;;;
n;INOSL;Nostro log file ;;;;;
n;IODUL;LOGGING IODUS ;;;;;
n;IOPCL;Ccy Opt Confirmation log file ;;;;;
n;IOPPL;Ccy Opt Payment Status log fil ;;;;;
n;IOPTL;Curr. Option Ctrcts Log file ;;;;;
n;IPMTL;Logging IPMTO ;;;;;
n;IPTIL;Payment instructions log ;;;;;
n;IPWDL;payment working days log file ;;;;;
n;IRFRL;LOGGING REFERENCE RATES IRFRO ;;;;;
n;IRSCL;IRS confirmation status log ;;;;;
n;IRSWL;IRS log file ;;;;;
n;ISAVO;Savekey's offline search ;;;;;
n;ISIML;Logging ISIMO ;;;;;
n;ISPIL;Standard Payment Istr log file ;;;;;
n;ITITL;Titrisation logging ;;;;;
n;ITOLL;LOGGING ITOLM ;;;;;
n;ITXTO;FREE TEXT ;;;;;
n;IWARL;Logging IWARO ;;;;;
n;LBGRL;Logging LBGRS ;;;;;
n;LBRAL;Logging LBRAS ;;;;;
n;LBRCL;Logging LBRCS ;;;;;
n;LBROL;Logging LBROS ;;;;;
n;LBSKL;Logging LBSKS ;;;;;
n;LBSKS; ;;;;;
n;LCBNL;Logging LCBNS ;;;;;
n;LCCCL;Logging LCCCS ;;;;;
n;LCCYL;Logging LCCYS ;;;;;
n;LCGRL;Logging LCGRS ;;;;;
n;LCIYL;Logging City ;;;;;
n;LCLIL;Logging LCLIS ;;;;;
n;LCPSL;Logging LCPSS ;;;;;
n;LCRYL;Logging LCRYS ;;;;;
n;LCSTL;Logging LCSTS ;;;;;
n;LCTPL;Logging LCTPS ;;;;;
n;LCTSL;Logging LCTSO ;;;;;
n;LELCL;Logging LELCS ;;;;;
n;LGRDL;GRID logging ;;;;;
n;LGXFL;GRID xreference logging ;;;;;
n;LHOLL;Logging LHOLS ;;;;;
n;LPHYL;Logging ;;;;;
n;LPMML;PRSNL LOGGING STRUCTURE ;;;;;
n;LPRCL;Logging LPRCM ;;;;;
n;LPRDL;Logging LPRDS ;;;;;
n;LPSIO;Electronic Address Maintenance ;;;;;
n;LPSNL;Logging LPSNS ;;;;;
n;LRCEL;Logging LRCES ;;;;;
n;LRCLL;Logging LRCEM - Resp.Cent.Str. ;;;;;
n;LSUPL;Supplier Logging ;;;;;
n;MNDEF;HIERARCHICAL MENU'S - DUTCH ;;;;;
n;NWSMN;NEWS MAINTENANCE ;;;;;
n;PRNTR;PRINTERS ;;;;;
n;PRSIO; ;;;;;
n;RPDEF;REPORT DEFINITION ;;system core;;;
n;RPSCH;REPORT SCHEDULING ;;system core;;;
n;RSTRT;REPORT RESTART STRUCTURE ;;system core;;;
n;SECIO; ;;system core;;;
n;SECRL; ;;system core;;;
n;SECUR;SECURITY US OUTPUT ISPEC ;;system core;;;
n;TSHNO;Taking-Over.Short Name Conver. ;;;;;
n;XGBUL;General Expenses Budget Logg. ;;;;;
n;XGDCL;GEX Documents Logging ;;;;;
n;XGMVL;GEX Movements Logging ;;;;;
n;XGPAL;Gen. Exp. Payments Logging ;;;;;
n;XGPML;Personnel Member Distribution ;;;;;
